[{
  "effective_query": "",
  "id": "2442",
  "no_results": "True",
  "num_results": "11",
  "num_results_for_query": "3.650.000 results",
  "page_number": "1",
  "query": "zu sinnen kommen",
  "requested_at": "2018-08-18 02:15:37.258424",
  "requested_by": "localhost",
  "results": [
    {
      "domain": "www.duden.de",
      "id": "24812",
      "link": "http://www.duden.de/suchen/dudenonline/zu%20Sinnen%20kommen",
      "link_type": "results",
      "rank": "1",
      "serp_id": "2442",
      "snippet": "Suche nach \u201ezu Sinnen kommen\u201c 12 Treffer Duden Online-W\u00f6rter\u00adbuch (10) Shop (0) Sprach\u00adwissen (0) \ud83c\udd95 Eng\u00adlisch W\u00f6rter\u00adbuch (2) Sinn. Substantiv, maskulin - 1. F\u00e4higkeit \u2026",
      "title": "Duden | Suchen | zu Sinnen kommen",
      "visible_link": "www.duden.de\u00a0\u203a Passwort vergessen?"
    },
    {
      "domain": "www.dict.cc",
      "id": "24813",
      "link": "https://www.dict.cc/deutsch-englisch/zu+Sinnen+kommen.html",
      "link_type": "results",
      "rank": "2",
      "serp_id": "2442",
      "snippet": "Englisch-Deutsch-\u00dcbersetzung f\u00fcr zu Sinnen kommen im Online-W\u00f6rterbuch dict.cc (Deutschw\u00f6rterbuch).",
      "title": "zu Sinnen kommen - dict.cc | W\u00f6rterbuch \u2026",
      "visible_link": "www.dict.cc\u00a0\u203a \u2026\u00a0\u203a \u00dcbersetzungen mit gleichem Wortanfang\u00a0\u203a zu"
    },
    {
      "domain": "www.dict.cc",
      "id": "24814",
      "link": "https://www.dict.cc/?s=zu+Sinnen+kommen",
      "link_type": "results",
      "rank": "3",
      "serp_id": "2442",
      "snippet": "\u00dcbersetzung f\u00fcr zu Sinnen kommen im Englisch-Deutsch-W\u00f6rterbuch dict.cc.",
      "title": "dict.cc | zu Sinnen kommen | W\u00f6rterbuch \u2026",
      "visible_link": "https://www.dict.cc/?s=zu+Sinnen+kommen"
    },
    {
      "domain": "www.linguee.de",
      "id": "24815",
      "link": "https://www.linguee.de/deutsch-englisch/uebersetzung/wieder+zu+sinnen+kommen.html",
      "link_type": "results",
      "rank": "4",
      "serp_id": "2442",
      "snippet": "AGIL\u00ae-Moderatoren kommen dann w\u00f6chentlich in die Einrichtung, um mit den Kindern mit viel Praxis spielerisch zu kochen und Essen mit \u2026",
      "title": "wieder zu Sinnen kommen - Englisch \u2026",
      "visible_link": "https://www.linguee.de/.../uebersetzung/wieder+zu+sinnen+kommen.html"
    },
    {
      "domain": "www.zeit-fuer-freiheit.de",
      "id": "24816",
      "link": "https://www.zeit-fuer-freiheit.de/wuestenretreats/zu-sinnen-kommen-bei-sinnen-sein.html",
      "link_type": "results",
      "rank": "5",
      "serp_id": "2442",
      "snippet": "Wir rennen in unserer \u201ewestlichen\u201c Kultur immer mehr von Sinnen \u2013 es wird alles schneller und immer sinnentleerter. Wir finden uns im \u00dcberlebenskampf. Opfern unser Leben dem Kampf ums \u00dcberleben. Eine Geisteskrankheit? Alles l\u00f6st sich zum Wohl, wenn wir wieder sp\u00fcren, mit unseren Sinnen sind.",
      "title": "Zu Sinnen kommen, bei Sinnen-Sein - \u2026",
      "visible_link": "https://www.zeit-fuer-freiheit.de/wuestenretreats/zu-sinnen-kommen..."
    },
    {
      "domain": "denl.dict.cc",
      "id": "24817",
      "link": "https://denl.dict.cc/?s=zu+Sinnen+kommen",
      "link_type": "results",
      "rank": "6",
      "serp_id": "2442",
      "snippet": "\u00dcbersetzung f\u00fcr zu Sinnen kommen im Niederl\u00e4ndisch-Deutsch-W\u00f6rterbuch dict.cc.",
      "title": "dict.cc | zu Sinnen kommen | W\u00f6rterbuch \u2026",
      "visible_link": "https://denl.dict.cc/?s=zu+Sinnen+kommen"
    },
    {
      "domain": "de.glosbe.com",
      "id": "24818",
      "link": "https://de.glosbe.com/de/fr/zu%20Sinnen%20kommen",
      "link_type": "results",
      "rank": "7",
      "serp_id": "2442",
      "snippet": "Zeige Seite 1. Gefunden: 775 zur Phrase zu Sinnen kommen passende S\u00e4tze.Gefunden in 28 ms.Seien Sie gewarnt: Translation Memories kommen aus vielen Quellen und werden nicht \u00fcberpr\u00fcft. Sie sind durch menschliche Hand geschaffen aber durch Computer verwaltet, was Fehler verursachen k\u00f6nnte.",
      "title": "zu Sinnen kommen - Deutsch \u2026",
      "visible_link": "de.glosbe.com\u00a0\u203a \u2026\u00a0\u203a Deutsch-Franz\u00f6sisch W\u00f6rterbuch"
    },
    {
      "domain": "www.linguee.com",
      "id": "24819",
      "link": "https://www.linguee.com/german-english/translation/zu+sinnen+kommen.html",
      "link_type": "results",
      "rank": "8",
      "serp_id": "2442",
      "snippet": "Many translated example sentences containing \"zu Sinnen kommen\" \u2013 English-German dictionary and search engine for English translations.",
      "title": "zu Sinnen kommen - English translation \u2013 \u2026",
      "visible_link": "https://www.linguee.com/.../translation/zu+sinnen+kommen.html"
    },
    {
      "domain": "de.bab.la",
      "id": "24820",
      "link": "https://de.bab.la/woerterbuch/deutsch-franzoesisch/wieder-zu-sinnen-kommen",
      "link_type": "results",
      "rank": "9",
      "serp_id": "2442",
      "snippet": "wieder zu Sinnen kommen; wieder zu Sinnen kommen; wieder zubinden; wieder zugehen; wieder zuheilen; wieder zukleben; wieder zukn\u00f6pfen; wieder zukorken; wieder \u2026",
      "title": "wieder zu Sinnen kommen - Franz\u00f6sisch \u2026",
      "visible_link": "https://de.bab.la/.../deutsch-franzoesisch/wieder-zu-sinnen-kommen"
    },
    {
      "domain": "www.linguee.com",
      "id": "24821",
      "link": "https://www.linguee.com/german-english/translation/wieder+zu+sinnen+kommen.html",
      "link_type": "results",
      "rank": "10",
      "serp_id": "2442",
      "snippet": "Many translated example sentences containing \"wieder zu Sinnen kommen\" \u2013 English-German dictionary and search engine for English translations.",
      "title": "wieder zu Sinnen kommen - English \u2026",
      "visible_link": "https://www.linguee.com/.../translation/wieder+zu+sinnen+kommen.html"
    },
    {
      "domain": "www.bing.com",
      "id": "24822",
      "link": "https://www.bing.com/aclick?ld=d3mQW3gelJI3yrsa6-L-_JvzVUCUyo4F-QRB2t8ziIFPDen8Umz_TodVWx2NMlTsml21w5HM172F9YIT17mXC5ToN5jEfHXn5xGRJtdY7JbpUmhI2i2KEl_EdH_eyzfv0UnmW1mw5JgiL5l4YNsgXfEwTeHycXS2SZk61OlxUAGh-dKiXk&u=http%3a%2f%2fwww.schaedling-weg.com%2f%3fKommen%2f%3f%2f%3f",
      "link_type": "ads_main",
      "rank": "1",
      "serp_id": "2442",
      "snippet": "None",
      "title": "Sch\u00e4dlinge in Kommen? | Wir helfen schnell und diskret",
      "visible_link": "www.schaedling-weg.com"
    }
  ],
  "scrape_method": "http-async",
  "search_engine_name": "bing",
  "status": "successful"
},{
  "effective_query": "",
  "id": "2443",
  "no_results": "True",
  "num_results": "11",
  "num_results_for_query": "2.710.000 results",
  "page_number": "1",
  "query": "logik",
  "requested_at": "2018-08-18 02:15:37.236377",
  "requested_by": "localhost",
  "results": [
    {
      "domain": "de.wikipedia.org",
      "id": "24823",
      "link": "https://de.wikipedia.org/wiki/Logik",
      "link_type": "results",
      "rank": "1",
      "serp_id": "2443",
      "snippet": "None",
      "title": "Logik \u2013 Wikipedia",
      "visible_link": "https://de.wikipedia.org/wiki/Logik"
    },
    {
      "domain": "www.duden.de",
      "id": "24824",
      "link": "https://www.duden.de/rechtschreibung/Logik",
      "link_type": "results",
      "rank": "2",
      "serp_id": "2443",
      "snippet": "Definition, Rechtschreibung, Synonyme und Grammatik von 'Logik' auf Duden online nachschlagen. W\u00f6rterbuch der deutschen Sprache.",
      "title": "Duden | Lo\u00adgik | Rechtschreibung, \u2026",
      "visible_link": "www.duden.de\u00a0\u203a W\u00f6rterbuch"
    },
    {
      "domain": "wirtschaftslexikon.gabler.de",
      "id": "24825",
      "link": "https://wirtschaftslexikon.gabler.de/definition/logik-39870",
      "link_type": "results",
      "rank": "3",
      "serp_id": "2443",
      "snippet": "Kunst des Denkens. Im allg. Sprachgebrauch: (1) F\u00e4higkeit, folgerichtig zu denken; (2) Notwendigkeit, Zwangsl\u00e4ufigkeit. I.e.S. ist Logik die Lehre von ...",
      "title": "\u1405 Logik \u2022 Definition im Gabler \u2026",
      "visible_link": "wirtschaftslexikon.gabler.de\u00a0\u203a \u2026\u00a0\u203a Grundlagen der ABWL"
    },
    {
      "domain": "de.wikipedia.org",
      "id": "24826",
      "link": "https://de.wikipedia.org/wiki/Aussagenlogik",
      "link_type": "results",
      "rank": "4",
      "serp_id": "2443",
      "snippet": "None",
      "title": "Aussagenlogik \u2013 Wikipedia",
      "visible_link": "https://de.wikipedia.org/wiki/Aussagenlogik"
    },
    {
      "domain": "www.3sat.de",
      "id": "24827",
      "link": "http://www.3sat.de/page/?source=/philosophie/159958/index.html",
      "link_type": "results",
      "rank": "5",
      "serp_id": "2443",
      "snippet": "\"Das B\u00f6se ist,\" so Nietzsche, \"des Menschen beste Kraft\". Es ist untrennbar mit der Freiheit verbunden. Der Mensch entscheidet \u00fcber das, was gut und ...",
      "title": "Was ist eigentlich Logik?",
      "visible_link": "www.3sat.de/page/?source=/philosophie/159958/index.html"
    },
    {
      "domain": "de.wiktionary.org",
      "id": "24828",
      "link": "https://de.wiktionary.org/wiki/Logik",
      "link_type": "results",
      "rank": "6",
      "serp_id": "2443",
      "snippet": "\u2191Wissenschaftlicher Rat der Dudenredaktion (Herausgeber): Duden, Das gro\u00dfe Fremdw\u00f6rterbuch. Herkunft und Bedeutung der Fremdw\u00f6rter. 4. Auflage.",
      "title": "Logik \u2013 Wiktionary",
      "visible_link": "https://de.wiktionary.org/wiki/Logik"
    },
    {
      "domain": "www.spiegel.de",
      "id": "24829",
      "link": "http://www.spiegel.de/quiztool/quiztool-60323.html",
      "link_type": "results",
      "rank": "7",
      "serp_id": "2443",
      "snippet": "Ein kluger Kopf sorgt f\u00fcr Klarheit: Mit messerscharfer Logik k\u00f6nnen wir L\u00fcgner entlarven, Widerspr\u00fcche aufdecken und verworrene R\u00e4tsel l\u00f6sen.",
      "title": "Scharf gedacht: Testen Sie Ihr Wissen im \u2026",
      "visible_link": "www.spiegel.de\u00a0\u203a Wissenschaft\u00a0\u203a Technik\u00a0\u203a Quiz"
    },
    {
      "domain": "www.dict.cc",
      "id": "24830",
      "link": "https://www.dict.cc/?s=Logik",
      "link_type": "results",
      "rank": "8",
      "serp_id": "2443",
      "snippet": "\u00dcbersetzung f\u00fcr Logik im Englisch-Deutsch-W\u00f6rterbuch dict.cc.",
      "title": "dict.cc | Logik | W\u00f6rterbuch Englisch \u2026",
      "visible_link": "https://www.dict.cc/?s=Logik"
    },
    {
      "domain": "www.textlog.de",
      "id": "24831",
      "link": "https://www.textlog.de/kant-logik.html",
      "link_type": "results",
      "rank": "9",
      "serp_id": "2443",
      "snippet": "Immanuel Kant - Logik. Beitr\u00e4ge zu einer Kritik der Sprache. Dritter Band. Grammatik und Logik",
      "title": "Immanuel Kant: Logik - textlog.de",
      "visible_link": "https://www.textlog.de/kant-logik.html"
    },
    {
      "domain": "de.thefreedictionary.com",
      "id": "24832",
      "link": "https://de.thefreedictionary.com/Logik",
      "link_type": "results",
      "rank": "10",
      "serp_id": "2443",
      "snippet": "Logik - definition Logik \u00fcbersetzung Logik W\u00f6rterbuch. Uebersetzung von Logik uebersetzen. Aussprache von Logik \u00dcbersetzungen von Logik Synonyme, Logik ...",
      "title": "Logik \u00dcbersetzung Logik Definition auf \u2026",
      "visible_link": "https://de.thefreedictionary.com/Logik"
    },
    {
      "domain": "www.bing.com",
      "id": "24833",
      "link": "https://www.bing.com/aclick?ld=d3wQpUx_w8lvbIjlKfJPWJpDVUCUxSTOmqsCjiOHorRMljKpxO7Oq3CBLbGLpljhUsKCB503hzF_8MEsr8cQ0K2wixHGlHNEv2rMSPwbwGkY42XZlAdiho73MZG4jngM7fymH2K0mv2DzysCzBHnKcHJHx3TAZFcffkr6VIZCFKklF4OL7&u=http%3a%2f%2fwww.amazon.de%2fs%2f%3fie%3dUTF8%26keywords%3dlogik%2bfuer%2binformatiker%26tag%3dhyddemsn-21%26index%3daps%26hvadid%3d80745417257063%26hvqmt%3db%26hvbmt%3dbb%26hvdev%3dc%26ref%3dpd_sl_3c8skyvf2r_b",
      "link_type": "ads_main",
      "rank": "1",
      "serp_id": "2443",
      "snippet": "None",
      "title": "Logik Fuer Informatiker | bei Amazon.de",
      "visible_link": "www.amazon.de/buecher"
    }
  ],
  "scrape_method": "http-async",
  "search_engine_name": "bing",
  "status": "successful"
},{
  "effective_query": "",
  "id": "2444",
  "no_results": "True",
  "num_results": "11",
  "num_results_for_query": "3.640.000 results",
  "page_number": "1",
  "query": "wunderschoen",
  "requested_at": "2018-08-18 02:15:37.278310",
  "requested_by": "localhost",
  "results": [
    {
      "domain": "www1.wdr.de",
      "id": "24834",
      "link": "https://www1.wdr.de/fernsehen/wunderschoen/index.html",
      "link_type": "results",
      "rank": "1",
      "serp_id": "2444",
      "snippet": "Der Wundersch\u00f6n-Rucksack Der Wundersch\u00f6n-Rucksack wird im Verlauf der Sendung mit Souvenirs aus der Region gef\u00fcllt. Schicken Sie uns eine Postkarte und ...",
      "title": "Wundersch\u00f6n - Fernsehen - WDR",
      "visible_link": "https://www1.wdr.de/fernsehen/wunderschoen/index.html"
    },
    {
      "domain": "www.ardmediathek.de",
      "id": "24835",
      "link": "https://www.ardmediathek.de/tv/Wundersch%C3%B6n/Sendung?documentId=12877292",
      "link_type": "results",
      "rank": "2",
      "serp_id": "2444",
      "snippet": "Lieber Nutzer, Sie verwenden eine veraltete Browser-Version. Bitte installieren Sie einen aktuellen Browser, um unser Angebot richtig darstellen zu k\u00f6nnen.",
      "title": "Wundersch\u00f6n! - Videos der Sendung - \u2026",
      "visible_link": "https://www.ardmediathek.de/tv/Wundersch\u00f6n/Sendung?documentId..."
    },
    {
      "domain": "www.wunderschoen-berlin.de",
      "id": "24836",
      "link": "http://www.wunderschoen-berlin.de/",
      "link_type": "results",
      "rank": "3",
      "serp_id": "2444",
      "snippet": "Ihr Weg zur Sch\u00f6nheit... Ihr Kosmetikstudio in Berlin",
      "title": "wunderschoen-berlin.de - Wundersch\u00f6n \u2026",
      "visible_link": "www.wunderschoen-berlin.de"
    },
    {
      "domain": "de.wikipedia.org",
      "id": "24837",
      "link": "https://de.wikipedia.org/wiki/Wundersch%C3%B6n!",
      "link_type": "results",
      "rank": "4",
      "serp_id": "2444",
      "snippet": "None",
      "title": "Wundersch\u00f6n! \u2013 Wikipedia",
      "visible_link": "https://de.wikipedia.org/wiki/Wundersch\u00f6n!"
    },
    {
      "domain": "www.fernsehserien.de",
      "id": "24838",
      "link": "https://www.fernsehserien.de/wunderschoen/sendetermine",
      "link_type": "results",
      "rank": "5",
      "serp_id": "2444",
      "snippet": "Terminplaner f\u00fcr alle Sendetermine im Fernsehen: \u00b7 So 05.08. 20:15 \u2013 21:45 WDR 204 Ostsee-Reisen \u2013 von R\u00fcgen bis Fehmarn NEU \u00b7 20:15 \u2013 21:45 ...",
      "title": "Wundersch\u00f6n! Sendetermine 05.08.2018 \u2013 \u2026",
      "visible_link": "https://www.fernsehserien.de/wunderschoen/sendetermine"
    },
    {
      "domain": "www.top10berlin.de",
      "id": "24839",
      "link": "https://www.top10berlin.de/de/cat/wellness-272/beauty-salons-und-kosmetik-studios-2014/wunderschoen-berlin-2190",
      "link_type": "results",
      "rank": "6",
      "serp_id": "2444",
      "snippet": "Wundersch\u00f6n Berlin macht das Beste aus jedem Typ!",
      "title": "Wundersch\u00f6n Berlin - Kosmetik- und \u2026",
      "visible_link": "www.top10berlin.de\u00a0\u203a \u2026\u00a0\u203a Beauty Salons und Kosmetik Studios"
    },
    {
      "domain": "www.fernsehserien.de",
      "id": "24840",
      "link": "https://www.fernsehserien.de/wunderschoen/sendetermine/wdr",
      "link_type": "results",
      "rank": "7",
      "serp_id": "2444",
      "snippet": "Terminplaner f\u00fcr alle WDR-Sendetermine im Fernsehen: \u00b7 So 12.08. 03:45 \u2013 05:15 WDR 204 Ostsee-Reisen \u2013 von R\u00fcgen bis Fehmarn \u00b7 03:45 \u2013 05:15 ...",
      "title": "Wundersch\u00f6n! Sendetermine WDR \u2026",
      "visible_link": "https://www.fernsehserien.de/wunderschoen/sendetermine/wdr"
    },
    {
      "domain": "www.youtube.com",
      "id": "24841",
      "link": "https://www.youtube.com/watch?v=Lhbzg3NZ4mI",
      "link_type": "results",
      "rank": "8",
      "serp_id": "2444",
      "snippet": "04.03.2011\u00a0\u00b7 So wundersch\u00f6n; Licensed by The Orchard Music (on behalf of Travispark) Show more Show less. Loading... Autoplay When autoplay is enabled, a ...",
      "title": "CJ Taylor - Wundersch\u00f6n - YouTube",
      "visible_link": "https://www.youtube.com/watch?v=Lhbzg3NZ4mI"
    },
    {
      "domain": "www.bing.com",
      "id": "24842",
      "link": "https://www.bing.com/aclick?ld=d33U-bPr4FOF4EjsZ6sjUOyDVUCUz9ceeNk5AqhnfpbTxffe0JqDiMEs8ipBRDzhVaxlFxIaITy2s5u4IRVH6vkW8KL8MUfRe5U1I7jW1nmOjz6mMjoHCgNR7uPuv0c0p-LTwc_eNY6C7SpV205CFJppqNuejzuGW4ITS8h8189nea6ppK&u=http%3a%2f%2fwandern.nassfeld.at%3futm_source%3dbing%26utm_medium%3dsearch%26utm_campaign%3dNLWT201801%26utm_content%3dwandern%26msclkid%3d%7bmsclkid%7d",
      "link_type": "ads_main",
      "rank": "1",
      "serp_id": "2444",
      "snippet": "None",
      "title": "Ihr Wanderurlaub am Nassfeld | Die Karnischen Alpen entdecken",
      "visible_link": "wandern.nassfeld.at"
    },
    {
      "domain": "www.bing.com",
      "id": "24843",
      "link": "https://www.bing.com/aclick?ld=d3kf1ytzahBxdMpQslGpfESzVUCUxdoVHzTpi6wMomUdXd4S2LJ164ENHFPG22Ndq87BRSp7EBJGe-h8kxVIu8md0jA_eOmLyZkmHgACHsu6VQMr4bCVTK411cE42vSaMEqcrSUKZxwirfMDR-LF8qsu4NdwN3hPWZRMeVgmpeHs8i97z4&u=https%3a%2f%2flifehacks360.com%2findex.php%3fQueryString%3dwunderschoen%26MatchType%3db%26Search%3d%7bSearch%7d%26Ad%3d74698148615361",
      "link_type": "ads_main",
      "rank": "2",
      "serp_id": "2444",
      "snippet": "None",
      "title": "Schnell abnehmen ohne Sport | \"Diese Frucht Isst Ihr Fett!\"",
      "visible_link": "lifehacks360.com"
    },
    {
      "domain": "www.bing.com",
      "id": "24844",
      "link": "https://www.bing.com/aclick?ld=d3ypeCnYtV0I9QGCciXCA5wjVUCUxpHp1crH0u9Kwg64WXMS_BmmhkoWGmIcPPPJO3faAdNBDvbvb6ou3d6cmMwfNQm4t6AXlqN5Q9HapDW8DocIxzEG9Lk48U355DDl-_3_Ybhl_TMXFtlHYGwSEW6B_uODE2vMCAeWVqnxgExWc9pCwL&u=http%3a%2f%2fwww.amazon.de%2fs%2f%3fie%3dUTF8%26keywords%3dwundersch%25C3%25B6nes%2bm%25C3%25BCnsterland%26tag%3dhyddemsn-21%26index%3daps%26hvadid%3d80470539512255%26hvqmt%3db%26hvbmt%3dbb%26hvdev%3dc%26ref%3dpd_sl_4bc3o7owmr_b",
      "link_type": "ads_main",
      "rank": "3",
      "serp_id": "2444",
      "snippet": "None",
      "title": "B\u00fccher bei Amazon.de | Reisef\u00fchrer und Karten",
      "visible_link": "www.amazon.de/buecher/reise"
    }
  ],
  "scrape_method": "http-async",
  "search_engine_name": "bing",
  "status": "successful"
},{
  "effective_query": "",
  "id": "2445",
  "no_results": "True",
  "num_results": "9",
  "num_results_for_query": "14.800.000 results",
  "page_number": "1",
  "query": "alpha",
  "requested_at": "2018-08-18 02:15:37.241549",
  "requested_by": "localhost",
  "results": [
    {
      "domain": "de.wikipedia.org",
      "id": "24845",
      "link": "https://de.wikipedia.org/wiki/Alpha",
      "link_type": "results",
      "rank": "1",
      "serp_id": "2445",
      "snippet": "None",
      "title": "Alpha \u2013 Wikipedia",
      "visible_link": "https://de.wikipedia.org/wiki/Alpha"
    },
    {
      "domain": "www.br.de",
      "id": "24846",
      "link": "https://www.br.de/fernsehen/ard-alpha/index.html",
      "link_type": "results",
      "rank": "2",
      "serp_id": "2445",
      "snippet": "None",
      "title": "ARD-alpha: Die Welt verstehen | \u2026",
      "visible_link": "www.br.de\u00a0\u203a Fernsehen"
    },
    {
      "domain": "alphaindustries.de",
      "id": "24847",
      "link": "https://alphaindustries.de/",
      "link_type": "results",
      "rank": "3",
      "serp_id": "2445",
      "snippet": "* Alle Preise inkl. gesetzl. Mehrwertsteuer zzgl. Versandkosten und ggf. Nachnahmegeb\u00fchren, wenn nicht anders beschrieben",
      "title": "Alpha Industries",
      "visible_link": "https://alphaindustries.de"
    },
    {
      "domain": "de.wiktionary.org",
      "id": "24848",
      "link": "https://de.wiktionary.org/wiki/Alpha",
      "link_type": "results",
      "rank": "4",
      "serp_id": "2445",
      "snippet": "[1\u20133] \u201eDas Alpha ist der erste Buchstabe des griechischen Alphabets, daher steht Alpha f\u00fcr \u201eAnfang\u201c, noch symbolischer f\u00fcr \u201eGeist\u201c ...",
      "title": "Alpha \u2013 Wiktionary",
      "visible_link": "https://de.wiktionary.org/wiki/Alpha"
    },
    {
      "domain": "www.ardmediathek.de",
      "id": "24849",
      "link": "https://www.ardmediathek.de/tv/ARD-alpha/live?kanal=5868",
      "link_type": "results",
      "rank": "5",
      "serp_id": "2445",
      "snippet": "Der durchgehende TV-Livestream in der ARD Mediathek: ARD-alpha",
      "title": "ARD-alpha live - ARD Mediathek - \u2026",
      "visible_link": "https://www.ardmediathek.de/tv/ARD-alpha/live?kanal=5868"
    },
    {
      "domain": "www.bing.com",
      "id": "24850",
      "link": "https://www.bing.com/aclick?ld=d35gPj_bWeX6J0p3fT88UhajVUCUwa9zWBKYdl_DATaU70E3085MdhpJ9_KoCKHQ3hmaCE8-3hN0kS2Y5PuIKqBn_Y8QTD2F9uwhlBRtNiP2MIRqQYBVRCWyxPa2a3zvRmMWQcvwWZMWWxMzX42z22S5rh98gSfMSdw2pdQn--l3CEFNuq&u=https%3a%2f%2fwww.apo-rot.de%2findex_products.html%3f_menuid%3d7683204%26_filterkat1%3dchalpha%26_headline%3dCH-Alpha%26partnerid%3dyahoode_kombi%26msclkid%3d%7bmsclkid%7d",
      "link_type": "ads_main",
      "rank": "1",
      "serp_id": "2445",
      "snippet": "None",
      "title": "Ch Alpha Trinkampullen | Direkt aus der Apotheke",
      "visible_link": "www.apo-rot.de/Vitamine/CH-Alpha"
    },
    {
      "domain": "www.bing.com",
      "id": "24851",
      "link": "https://www.bing.com/aclick?ld=d3TXWOL6QuvmYtEevzTLF9XTVUCUz97Ms9LSrkQd2h5T9bxGhxWA7s5ugkHSPCGyALVYlWKI93rVbEyMO6i4a8H2cM4AbdK3_4NWKKNGXBMlPBtO3EBaXILiDOH4X5fpJx90UFqEXmm75g4vQ89TbaR4490zRnmkF0Q-onDE7IaWKqaA1Y&u=www.fc-moto.de%2fBrandit-Shop%3fmsclkid%3d%7bmsclkid%7d%26utm_source%3dbing%26utm_medium%3dcpc%26utm_campaign%3dDeutsch%26utm_term%3dalpha%2520industries%2520m65%26utm_content%3dBrandit",
      "link_type": "ads_main",
      "rank": "2",
      "serp_id": "2445",
      "snippet": "None",
      "title": "Alpha Industries M65 | FC-Moto.de",
      "visible_link": "www.FC-Moto.de/Brandit-Shop"
    },
    {
      "domain": "www.bing.com",
      "id": "24852",
      "link": "https://www.bing.com/aclick?ld=d3S5dUoITnq9oJbKyx1_xLjDVUCUwQZU7HTiWBUiTINN4lrWR6WOz8jJc39izY7KX1uZ44OTBTBi7sK2dPvLAggTbJg1suX-NFbGt5pzSmEg2xjPaBacdiM1BCPr0YJ8qUDIgKqs_U_JjwoQmUme8IXdk5qlsu2AqmfA1qml6GWJAc5zPl&u=https%3a%2f%2fwww.expedia.de%2fAlpha-Hotel.d6021.Reise-Angebote-Hotels%3fsemcid%3dDE.UB.BING.DL-c-DE.HOTEL%26semdtl%3da1268678241.b11294125320565711.r1.g1kwd-80882914854334.i1.d180882869550121.e1c.j1116076.k1.f1.n1.l1o.h1e.m1be%26msclkid%3d%7bmsclkid%7d%26utm_source%3dbing%26utm_medium%3dcpc%26utm_campaign%3dDEU%253AGER%253A%2524%253ADL%253AAPAC%253AX%253AE%253ANA%253A%253Adest_only%26utm_term%3dAlpha%26utm_content%3dDEU%253AGER%253A%2524%253ADT%253AAPAC%253AX%253AQLD%253AQueensland%253A11184%253AAlpha%253A6021%253AE%253ANA%253Adest_only%253A",
      "link_type": "ads_main",
      "rank": "3",
      "serp_id": "2445",
      "snippet": "None",
      "title": "Hotel Alpha | Kostenlos buchen & stornieren. | expedia.de",
      "visible_link": "www.expedia.de/Hotel/Alpha"
    },
    {
      "domain": "www.bing.com",
      "id": "24853",
      "link": "https://www.bing.com/aclick?ld=d3ig1MKyOFgQOGDqwcLaebxzVUCUy-Zg5CldzvTx3obNSOAuQRoWt1dH8w4-Y23kwwndRTDeypP2Z_GmfJlLY7KPg2k2C7vDST06ERpdfYUltPl19UtDg1nPARTVhb8FQjj3wrwg01WSsWak9I6j0FUh2isJX-xGyHzIN73Beo0br2dT-n&u=https%3a%2f%2fwww.stylelounge.de%2fAlpha-H%3fsclid%3dsem%26utm_source%3dbing%26utm_Medium%3dc%26trafficSource%3dCampaign%26adwordsCampaignId%3d335089538%26adwordsAdGroupId%3d1219358534259563%26adwordsKeywordId%3db%26adwordsNetwork%3do%26utm_medium%3dcpc%26utm_campaign%3dSLA_DE%253A%2520S%253A%2520Fashionbrand%25203%2520%257C%2520SNP%2520%257C%2520CPC%2520%257C%26utm_term%3d%252BAlpha-H%26utm_content%3dSL%253A%2520DE%253A%2520S%253A%2520Fashionbrand%25203%2520%257C%2520Alpha-H%2520%255B32511%255D%2520%257C%2520unisex%2520-BM-",
      "link_type": "ads_main",
      "rank": "4",
      "serp_id": "2445",
      "snippet": "None",
      "title": "Alpha-H bis zu -70% | Deutschlands gr\u00f6\u00dfte Auswahl.",
      "visible_link": "www.stylelounge.de/Alpha-H"
    }
  ],
  "scrape_method": "http-async",
  "search_engine_name": "bing",
  "status": "successful"
},{
  "effective_query": "",
  "id": "2446",
  "no_results": "True",
  "num_results": "9",
  "num_results_for_query": "2.720.000 results",
  "page_number": "1",
  "query": "regenbogen",
  "requested_at": "2018-08-18 02:15:37.271536",
  "requested_by": "localhost",
  "results": [
    {
      "domain": "www.regenbogen.de",
      "id": "24854",
      "link": "https://www.regenbogen.de/",
      "link_type": "results",
      "rank": "1",
      "serp_id": "2446",
      "snippet": "Mehr Hits von heute - mein Lieblingsmix. Radio Regenbogen sendet ein 24-Stunden Vollprogramm f\u00fcr Baden und die Pfalz. JETZT EINSCHALTEN!",
      "title": "Radio Regenbogen | Startseite",
      "visible_link": "https://www.regenbogen.de"
    },
    {
      "domain": "de.wikipedia.org",
      "id": "24855",
      "link": "https://de.wikipedia.org/wiki/Regenbogen",
      "link_type": "results",
      "rank": "2",
      "serp_id": "2446",
      "snippet": "None",
      "title": "Regenbogen \u2013 Wikipedia",
      "visible_link": "https://de.wikipedia.org/wiki/Regenbogen"
    },
    {
      "domain": "www.regenbogen.de",
      "id": "24856",
      "link": "https://www.regenbogen.de/webradio/radio-regenbogen",
      "link_type": "results",
      "rank": "3",
      "serp_id": "2446",
      "snippet": "Was sind Benachrichtigungen? Radio Regenbogen verschickt Benachrichtigungen, wie man sie von Apps auf dem Smartphone kennt. Wir informieren damit \u00fcber ...",
      "title": "Radio Regenbogen LIVE | Radio \u2026",
      "visible_link": "https://www.regenbogen.de/webradio"
    },
    {
      "domain": "www.meteoros.de",
      "id": "24857",
      "link": "https://www.meteoros.de/themen/atmos/wassertropfen/regenbogen/",
      "link_type": "results",
      "rank": "4",
      "serp_id": "2446",
      "snippet": "Der Regenbogen ist wohl die bekannteste atmosph\u00e4rische Erscheinung. Jeder hat ihn schon einmal gesehen, allerdings meist zuf\u00e4llig. Wer gezielt nach einem ...",
      "title": "Regenbogen - meteoros.de",
      "visible_link": "https://www.meteoros.de/themen/atmos/wassertropfen/regenbogen"
    },
    {
      "domain": "www.br.de",
      "id": "24858",
      "link": "https://www.br.de/kinder/regenbogen-kinder-natur-lexikon-100.html",
      "link_type": "results",
      "rank": "5",
      "serp_id": "2446",
      "snippet": "Wie und warum ein Regenbogen entsteht, konnten sich die Menschen lange Zeit \u00fcberhaupt nicht erkl\u00e4ren. So sind in allen Kulturen wundersch\u00f6ne Geschichten ...",
      "title": "Regenbogen : Ohne Anfang und Ende | \u2026",
      "visible_link": "https://www.br.de/kinder/regenbogen-kinder-natur-lexikon-100.html"
    },
    {
      "domain": "www.lernhelfer.de",
      "id": "24859",
      "link": "https://www.lernhelfer.de/schuelerlexikon/physik/artikel/regenbogen",
      "link_type": "results",
      "rank": "6",
      "serp_id": "2446",
      "snippet": "Ein Regenbogen ist eine Naturerscheinung. Er ist zu beobachten, wenn man die Sonne im R\u00fccken hat und eine abziehende Regenwolke von der Sonne beleuchtet wird.",
      "title": "Regenbogen in Physik | Sch\u00fclerlexikon | \u2026",
      "visible_link": "https://www.lernhelfer.de/schuelerlexikon/physik/artikel/regenbogen"
    },
    {
      "domain": "www.bing.com",
      "id": "24860",
      "link": "https://www.bing.com/aclick?ld=d3hj2_DiodyFvTUCQzocYuozVUCUzdVp07k3OYlOhlEL-I0L1i11uhczUJKL73VDsTHdx_zxAAJnCL86aZxftHcjqBEBEiAXM8keB1S44Bt2gW5O1Q8MdyG5NTYIC4tHBSgw9r_rymQGQE9nR1K6R7Q0YZUQUS9IrauUi23Ro4VahjrLHF&u=https%3a%2f%2fwww.holidaycheck.de%2fhm%2fbilder-videos-hotel-charco-del-conde%2f84fa31ad-7eb8-3e4e-b01a-4b2246a41c87%2f-%2fm%2fpicture%2fmediaId%2fc9a6b519-75b0-360d-8384-336309280ef9%3fmsclkid%3d%7bmsclkid%7d%26utm_source%3dbing%26utm_medium%3dcpc%26utm_campaign%3dYA_D_Kanaren_lapa_dsa%26utm_term%3dLa%2520Gomera%2520ho%26utm_content%3dLapa_DSA",
      "link_type": "ads_main",
      "rank": "1",
      "serp_id": "2446",
      "snippet": "None",
      "title": "Regenbogen am Pool\" Hotel Charco del Conde",
      "visible_link": "https://holidaycheck.de/Kanaren/Urlaubsangebote"
    },
    {
      "domain": "www.bing.com",
      "id": "24861",
      "link": "https://www.bing.com/aclick?ld=d3x10XtFfUOWXuVguZv3NagzVUCUytmCYGsF6XazWE10O0pE_JjG38jJrtkFck8VkiKuEX2bMIM7yfVEvhNhxrekA1mGIbWJqRZ5m9HggC849JbgMQK1WNVF2km55BRHsyrwGDvl_cEXL02tvWZIbv0Pmna3kwNEaBC8giEm79E9hrqN4m&u=https%3a%2f%2fsuche.web.de%2ffind%3fq%3dregenbogen%2bt%2bshirt%26ae%3d10000%26at%3d4%26lang%3dde%26mkt%3dde%26qenc%3dutf-8%26ifr%3d1%26ad%3dsemA%26an%3dyahoos%26origin%3d25004%26mty%3db%26kwd%3dregenbogen%2520t%2520shirt%26net%3do%26cre%3d79714638269418%26dev%3dc%26mob%3d%26sou%3ds%26kwid%3dkwd-79714692197731%3aloc-72%26agid%3d1275433625440750%26cid%3d308546521%26vt%3d1%26msclkid%3d%7bmsclkid%7d",
      "link_type": "ads_main",
      "rank": "2",
      "serp_id": "2446",
      "snippet": "None",
      "title": "Regenbogen t shirt | Relevante informationen jetzt",
      "visible_link": "suche.web.de/Regenbogen t shirt/Sei schnell"
    },
    {
      "domain": "www.bing.com",
      "id": "24862",
      "link": "https://www.bing.com/aclick?ld=d3oi7YJx5ErMF8RHuch7xTvjVUCUwQd9h4Q1PEzQPvgSVis0VKTo4eFpxesx-LT9RcARwXJtOiuADF76jENPUnV75uCV-_WYWuAmVEwt5Dh4eHEDHKhsu3VaOrXC-8K5L6tqIFNX8I9mVsEkFvKLwTyuvFG_eLq1A3sCbkM8QIq0h3lbSS&u=http%3a%2f%2fsuche.preissuchmaschine.de%2fgoto.jsp%3fp%3d357055%26search%3dRegenbogenstift%26t%3dag%253D1342503728328219%26crid%3d101966402%26m_dev%3dc%26m_nw%3do%26msclkid%3d%7bmsclkid%7d%26msn_aid%3d83906486694921%26msn_mt%3db%26msn_oid%3d83906497980943%26msn_qs%3dregenbogen",
      "link_type": "ads_main",
      "rank": "3",
      "serp_id": "2446",
      "snippet": "None",
      "title": "Regenbogenstift im Angebot | So macht Shoppen einfach Spa\u00df",
      "visible_link": "suche.preissuchmaschine.de/Preisvergleich/Riesenauswahl"
    }
  ],
  "scrape_method": "http-async",
  "search_engine_name": "bing",
  "status": "successful"
},{
  "effective_query": "",
  "id": "2447",
  "no_results": "True",
  "num_results": "7",
  "num_results_for_query": "1.660.000 results",
  "page_number": "1",
  "query": "erinnern",
  "requested_at": "2018-08-18 02:15:37.231821",
  "requested_by": "localhost",
  "results": [
    {
      "domain": "www.duden.de",
      "id": "24863",
      "link": "https://www.duden.de/rechtschreibung/erinnern",
      "link_type": "results",
      "rank": "1",
      "serp_id": "2447",
      "snippet": "Definition, Rechtschreibung, Synonyme und Grammatik von 'erinnern' auf Duden online nachschlagen. W\u00f6rterbuch der deutschen Sprache.",
      "title": "Duden | er\u00adin\u00adnern | Rechtschreibung, \u2026",
      "visible_link": "www.duden.de\u00a0\u203a W\u00f6rterbuch"
    },
    {
      "domain": "de.wiktionary.org",
      "id": "24864",
      "link": "https://de.wiktionary.org/wiki/erinnern",
      "link_type": "results",
      "rank": "2",
      "serp_id": "2447",
      "snippet": "Referenzen und weiterf\u00fchrende Informationen: [1\u20134] Digitales W\u00f6rterbuch der deutschen Sprache \u201eerinnern\u201c [1\u20134] canoo.net \u201eerinnern\u201c [1\u20134 ...",
      "title": "erinnern \u2013 Wiktionary",
      "visible_link": "https://de.wiktionary.org/wiki/erinnern"
    },
    {
      "domain": "www.duden.de",
      "id": "24865",
      "link": "https://www.duden.de/suchen/dudenonline/erinnern",
      "link_type": "results",
      "rank": "3",
      "serp_id": "2447",
      "snippet": "Schrotausschlag. Substantiv, maskulin - (bei Schweinen) harmloser Ausschlag mit Kn\u00f6tchen, die an ein Schrotkorn erinnern. Zum vollst\u00e4ndigen Artikel",
      "title": "Duden | Suchen | erinnern",
      "visible_link": "www.duden.de\u00a0\u203a Passwort vergessen?"
    },
    {
      "domain": "dict.leo.org",
      "id": "24866",
      "link": "https://dict.leo.org/englisch-deutsch/erinnern",
      "link_type": "results",
      "rank": "4",
      "serp_id": "2447",
      "snippet": "Lernen Sie die \u00dcbersetzung f\u00fcr 'erinnern' in LEOs Englisch \u21d4 Deutsch W\u00f6rterbuch. Mit Flexionstabellen der verschiedenen F\u00e4lle und Zeiten Aussprache ...",
      "title": "erinnern - Deutsch W\u00f6rterbuch - leo.org: \u2026",
      "visible_link": "https://dict.leo.org/englisch-deutsch/erinnern"
    },
    {
      "domain": "www.dict.cc",
      "id": "24867",
      "link": "https://www.dict.cc/?s=erinnern",
      "link_type": "results",
      "rank": "5",
      "serp_id": "2447",
      "snippet": "\u00dcbersetzung f\u00fcr erinnern im Englisch-Deutsch-W\u00f6rterbuch dict.cc.",
      "title": "dict.cc | erinnern | W\u00f6rterbuch Englisch \u2026",
      "visible_link": "https://www.dict.cc/?s=erinnern"
    },
    {
      "domain": "synonyme.woxikon.de",
      "id": "24868",
      "link": "https://synonyme.woxikon.de/synonyme/erinnern.php",
      "link_type": "results",
      "rank": "6",
      "serp_id": "2447",
      "snippet": "Passende Synonyme f\u00fcr \"Erinnern\" 208 gefundene Synonyme 16 verschiedene Bedeutungen \u00c4hnliche & sinnverwandte W\u00f6rter f\u00fcr Erinnern Wie sagt ...",
      "title": "\u1405 Alle Synonyme f\u00fcr erinnern | \u2026",
      "visible_link": "synonyme.woxikon.de\u00a0\u203a Deutsch\u00a0\u203a E"
    },
    {
      "domain": "www.bing.com",
      "id": "24869",
      "link": "https://www.bing.com/aclick?ld=d3x-qcDCLuimbTVKD8N1n_QjVUCUyzhj5CHBrcekALf_IkzlcsfP7njaWKUc91VnhR_5LotY1ZZxbBsutz95pdzUefic93UpDryTRltI-9JzWb3qYh4oMgn-btde70DQd94388uHOSYTQ6uFqOgCsswc9nScxbntT73mmdyBK-_M8DMZDk&u=http%3a%2f%2fwww.amazon.de%2fs%2f%3fie%3dUTF8%26keywords%3derinnern%26tag%3dhyddemsn-21%26index%3daps%26hvadid%3d11953431724%26hvqmt%3de%26hvbmt%3dbe%26hvdev%3dc%26ref%3dpd_sl_1t5yr75w7c_e",
      "link_type": "ads_main",
      "rank": "1",
      "serp_id": "2447",
      "snippet": "None",
      "title": "Erinnern bei Amazon",
      "visible_link": "www.amazon.de/Erinnern"
    }
  ],
  "scrape_method": "http-async",
  "search_engine_name": "bing",
  "status": "successful"
},{
  "effective_query": "",
  "id": "2448",
  "no_results": "True",
  "num_results": "11",
  "num_results_for_query": "10.600.000 results",
  "page_number": "1",
  "query": "vergessen",
  "requested_at": "2018-08-18 02:15:37.281911",
  "requested_by": "localhost",
  "results": [
    {
      "domain": "www.duden.de",
      "id": "24870",
      "link": "https://www.duden.de/rechtschreibung/vergessen",
      "link_type": "results",
      "rank": "1",
      "serp_id": "2448",
      "snippet": "Definition, Rechtschreibung, Synonyme und Grammatik von 'vergessen' auf Duden online nachschlagen. W\u00f6rterbuch der deutschen Sprache.",
      "title": "Duden | ver\u00adges\u00adsen | Rechtschreibung, \u2026",
      "visible_link": "www.duden.de\u00a0\u203a W\u00f6rterbuch"
    },
    {
      "domain": "de.wikipedia.org",
      "id": "24871",
      "link": "https://de.wikipedia.org/wiki/Vergessen",
      "link_type": "results",
      "rank": "2",
      "serp_id": "2448",
      "snippet": "None",
      "title": "Vergessen \u2013 Wikipedia",
      "visible_link": "https://de.wikipedia.org/wiki/Vergessen"
    },
    {
      "domain": "www.verbformen.de",
      "id": "24872",
      "link": "https://www.verbformen.de/konjugation/vergessen.htm",
      "link_type": "results",
      "rank": "3",
      "serp_id": "2448",
      "snippet": "Die komplette Konjugation des Verbs \u201evergessen\u201c im Detail. Konjugieren von \u201evergessen\u201c im Pr\u00e4sens, Pr\u00e4teritum, Konjunktiv, Imperativ usw. mit ...",
      "title": "Konjugation | vergessen | Alle Formen, \u2026",
      "visible_link": "https://www.verbformen.de/konjugation/vergessen.htm"
    },
    {
      "domain": "synonyme.woxikon.de",
      "id": "24873",
      "link": "https://synonyme.woxikon.de/synonyme/vergessen.php",
      "link_type": "results",
      "rank": "4",
      "serp_id": "2448",
      "snippet": "Passende Synonyme f\u00fcr \"vergessen\" 659 gefundene Synonyme 41 verschiedene Bedeutungen \u00c4hnliche & sinnverwandte W\u00f6rter f\u00fcr vergessen Wie sagt ...",
      "title": "\u1405 Alle Synonyme f\u00fcr vergessen | \u2026",
      "visible_link": "synonyme.woxikon.de\u00a0\u203a Deutsch\u00a0\u203a V"
    },
    {
      "domain": "de.wiktionary.org",
      "id": "24874",
      "link": "https://de.wiktionary.org/wiki/vergessen",
      "link_type": "results",
      "rank": "5",
      "serp_id": "2448",
      "snippet": "Worttrennung: ver\u00b7ges\u00b7sen, Pr\u00e4teritum: ver\u00b7ga\u00df, Partizip II: ver\u00b7ges\u00b7sen. Aussprache: IPA: [f\u025b\u0250\u032f\u02c8\u0261\u025bsn\u0329] H\u00f6rbeispiele: vergessen Reime:-\u025bsn\u0329",
      "title": "vergessen \u2013 Wiktionary",
      "visible_link": "https://de.wiktionary.org/wiki/vergessen"
    },
    {
      "domain": "zitate.net",
      "id": "24875",
      "link": "http://zitate.net/vergessen-zitate",
      "link_type": "results",
      "rank": "6",
      "serp_id": "2448",
      "snippet": "Was du mir sagst, das vergesse ich. Was du mir zeigst, daran erinnere ich mich. Was du mich tun l\u00e4sst, das verstehe ich.",
      "title": "Top 50 Zitate und Spr\u00fcche zu Vergessen \u2026",
      "visible_link": "zitate.net/vergessen-zitate"
    },
    {
      "domain": "konjugator.reverso.net",
      "id": "24876",
      "link": "http://konjugator.reverso.net/konjugation-deutsch-verb-vergessen.html",
      "link_type": "results",
      "rank": "7",
      "serp_id": "2448",
      "snippet": "Reverso-Konjugation: Konjugation des deutschen Verbs vergessen Konjugator f\u00fcr franz\u00f6sische, englische und spanische Verben, unregelm\u00e4\u00dfige Verben ...",
      "title": "Konjugation vergessen | Konjugieren verb \u2026",
      "visible_link": "konjugator.reverso.net/konjugation-deutsch-verb-vergessen.html"
    },
    {
      "domain": "dict.leo.org",
      "id": "24877",
      "link": "https://dict.leo.org/englisch-deutsch/vergessen",
      "link_type": "results",
      "rank": "8",
      "serp_id": "2448",
      "snippet": "Lernen Sie die \u00dcbersetzung f\u00fcr 'vergessen' in LEOs Englisch \u21d4 Deutsch W\u00f6rterbuch. Mit Flexionstabellen der verschiedenen F\u00e4lle und Zeiten Aussprache ...",
      "title": "vergessen - Deutsch W\u00f6rterbuch - \u2026",
      "visible_link": "https://dict.leo.org/englisch-deutsch/vergessen"
    },
    {
      "domain": "arbeitsblaetter.stangl-taller.at",
      "id": "24878",
      "link": "http://arbeitsblaetter.stangl-taller.at/GEDAECHTNIS/Vergessen.shtml",
      "link_type": "results",
      "rank": "9",
      "serp_id": "2448",
      "snippet": "Es ist wichtig, sich zu erinnern. Noch wichtiger ist, zu vergessen. Rainer Maria Rilke. Nur was ich vergessen soll, vergesse ich nicht. Nelly Sachs",
      "title": "Vergessen Ged\u00e4chtnis Erinnern",
      "visible_link": "arbeitsblaetter.stangl-taller.at/GEDAECHTNIS/Vergessen.shtml"
    },
    {
      "domain": "dict.leo.org",
      "id": "24879",
      "link": "https://dict.leo.org/franz\u00f6sisch-deutsch/vergessen",
      "link_type": "results",
      "rank": "10",
      "serp_id": "2448",
      "snippet": "Lernen Sie die \u00dcbersetzung f\u00fcr 'vergessen' in LEOs Franz\u00f6sisch \u21d4 Deutsch W\u00f6rterbuch. Mit Flexionstabellen der verschiedenen F\u00e4lle und Zeiten ...",
      "title": "vergessen - LEO: \u00dcbersetzung im \u2026",
      "visible_link": "https://dict.leo.org/franz\u00f6sisch-deutsch/vergessen"
    },
    {
      "domain": "www.bing.com",
      "id": "24880",
      "link": "https://www.bing.com/aclick?ld=d3xvW8g_MD-HC3wJkt_B1UvTVUCUzSNrHEvuctT7Ivhs-X2csSwLhgGotN8U_hARVG6ce_IPIak0Q_FJcXpEhjX3MCGkehCg_6wzxslaXDkYngM_srhY3oU-nccX7GBJW7iMd0PY_rZBNJsyWcbyqjzjl75RLoQkroxDgHmt7rYbcEYw0g&u=http%3a%2f%2fwww.amazon.de%2fs%2f%3fie%3dUTF8%26keywords%3ddas%2bvergessene%2berbe%26tag%3dhyddemsn-21%26index%3ddigital-text%26hvadid%3d80676697665609%26hvqmt%3db%26hvbmt%3dbb%26hvdev%3dc%26ref%3dpd_sl_3d3lvd0o7e_b",
      "link_type": "ads_main",
      "rank": "1",
      "serp_id": "2448",
      "snippet": "None",
      "title": "Das Vergessene Erbe | bei Amazon.de",
      "visible_link": "www.amazon.de/kindle-shop"
    }
  ],
  "scrape_method": "http-async",
  "search_engine_name": "bing",
  "status": "successful"
},{
  "effective_query": "",
  "id": "2449",
  "no_results": "True",
  "num_results": "11",
  "num_results_for_query": "15.300.000 results",
  "page_number": "1",
  "query": "beta",
  "requested_at": "2018-08-18 02:15:37.267018",
  "requested_by": "localhost",
  "results": [
    {
      "domain": "www.betamotor.com",
      "id": "24881",
      "link": "http://www.betamotor.com/de/all/bikes",
      "link_type": "results",
      "rank": "1",
      "serp_id": "2449",
      "snippet": "None",
      "title": "Beta Motorcycles Motorraeder",
      "visible_link": "www.betamotor.com/de/all/bikes"
    },
    {
      "domain": "de.wikipedia.org",
      "id": "24882",
      "link": "https://de.wikipedia.org/wiki/Beta",
      "link_type": "results",
      "rank": "2",
      "serp_id": "2449",
      "snippet": "None",
      "title": "Beta \u2013 Wikipedia",
      "visible_link": "https://de.wikipedia.org/wiki/Beta"
    },
    {
      "domain": "boersenlexikon.faz.net",
      "id": "24883",
      "link": "http://boersenlexikon.faz.net/beta.htm",
      "link_type": "results",
      "rank": "3",
      "serp_id": "2449",
      "snippet": "Beta: Die Kennziffer Beta misst die Volatilit\u00e4t eines Investments in Bezug auf eine Ma\u00dfgr\u00f6\u00dfe (Benchmark). Das Beta ...",
      "title": "Beta \u2013 B\u00f6rsenlexikon der FAZ - FAZ.NET",
      "visible_link": "boersenlexikon.faz.net\u00a0\u203a Finanzen"
    },
    {
      "domain": "www.beta-eigenheim.de",
      "id": "24884",
      "link": "http://www.beta-eigenheim.de/",
      "link_type": "results",
      "rank": "4",
      "serp_id": "2449",
      "snippet": "Bauen mit beta Eigenheim - Alles andere als gew\u00f6hnlich! Wenn es um Wohnbau geht, sind wir die Nr. 1 in der Region und wollen es auch weiterhin sein!",
      "title": "beta Eigenheim - Massivh\u00e4user, Neubau, \u2026",
      "visible_link": "www.beta-eigenheim.de"
    },
    {
      "domain": "en.wikipedia.org",
      "id": "24885",
      "link": "https://en.wikipedia.org/wiki/Beta",
      "link_type": "results",
      "rank": "5",
      "serp_id": "2449",
      "snippet": "None",
      "title": "Beta - Wikipedia",
      "visible_link": "https://en.wikipedia.org/wiki/Beta"
    },
    {
      "domain": "de.wiktionary.org",
      "id": "24886",
      "link": "https://de.wiktionary.org/wiki/Beta",
      "link_type": "results",
      "rank": "6",
      "serp_id": "2449",
      "snippet": "Letzte \u00c4nderung dieser Seite: 27. Juli 2018 um 22:10; Siehe auch: beta: Abrufstatistik Der Text ist unter der Lizenz ''Creative-Commons''-Lizenz ...",
      "title": "Beta \u2013 Wiktionary",
      "visible_link": "https://de.wiktionary.org/wiki/Beta"
    },
    {
      "domain": "en.wikipedia.org",
      "id": "24887",
      "link": "https://en.wikipedia.org/wiki/Beta_(finance)",
      "link_type": "results",
      "rank": "7",
      "serp_id": "2449",
      "snippet": "None",
      "title": "Beta (finance) - Wikipedia",
      "visible_link": "https://en.wikipedia.org/wiki/Beta_(finance)"
    },
    {
      "domain": "www.investopedia.com",
      "id": "24888",
      "link": "https://www.investopedia.com/terms/b/beta.asp",
      "link_type": "results",
      "rank": "8",
      "serp_id": "2449",
      "snippet": "Beta is a measure of the volatility, or systematic risk, of a security or a portfolio in comparison to the market as a whole. Beta is used in the capital ...",
      "title": "Beta - Investopedia",
      "visible_link": "https://www.investopedia.com/terms/b/beta.asp"
    },
    {
      "domain": "beta.elvenar.com",
      "id": "24889",
      "link": "https://beta.elvenar.com/",
      "link_type": "results",
      "rank": "9",
      "serp_id": "2449",
      "snippet": "Build up your magical city in the online city-builder Elvenar, choose between Elves and Humans and discover an enchanting world.",
      "title": "Elvenar - Fantasy City Builder Game",
      "visible_link": "https://beta.elvenar.com"
    },
    {
      "domain": "www.google.de",
      "id": "24890",
      "link": "https://www.google.de/chrome/browser/beta.html",
      "link_type": "results",
      "rank": "10",
      "serp_id": "2449",
      "snippet": "Mit Chrome Beta neue Funktionen ausprobieren. Lust auf Neues? Sie haben die M\u00f6glichkeit, sich geplante Funktionen noch vor ihrem Release anzusehen.",
      "title": "Chrome Beta - Google",
      "visible_link": "https://www.google.de/chrome/browser/beta.html"
    },
    {
      "domain": "www.bing.com",
      "id": "24891",
      "link": "https://www.bing.com/aclick?ld=d3bjQ2eNJgn2zwKejqr2_YFDVUCUxv1kJaZaksn4JikS08B9yOPn9rtDgXx5aRVCnLh3vDGO2NfnFADEITK3NkqVMjs2IfwkFllRaipKmXMffM9wdQ6iWnGKDF6Arlj_Nv51jBFDQ6-Z0TWXeHfiFG0wKg0AVENILNjQ60fbG8iU8aM76Q&u=http%3a%2f%2fwww.super-smart.eu%2farticle.pl%3fid%3d0508%26lang%3den%26fromid%3dBB132%26utm_source%3dbing%26utm_medium%3dcpc%26utm_campaign%3dEurope%2520high%2520CPC%2520F%252BD%252BI%252BE%2520English%26utm_term%3dbeta%2520glucans%26utm_content%3dBeta%2520glucan",
      "link_type": "ads_main",
      "rank": "1",
      "serp_id": "2449",
      "snippet": "None",
      "title": "Beta 1.3/1.6 glucan | Powerful immunity stimulant",
      "visible_link": "www.Super-Smart.eu"
    }
  ],
  "scrape_method": "http-async",
  "search_engine_name": "bing",
  "status": "successful"
},{
  "effective_query": "",
  "id": "2450",
  "no_results": "True",
  "num_results": "7",
  "num_results_for_query": "62.800 results",
  "page_number": "1",
  "query": "strassenschlacht",
  "requested_at": "2018-08-18 02:15:37.269839",
  "requested_by": "localhost",
  "results": [
    {
      "domain": "de.wikipedia.org",
      "id": "24892",
      "link": "https://de.wikipedia.org/wiki/Stra%C3%9Fenschlacht",
      "link_type": "results",
      "rank": "1",
      "serp_id": "2450",
      "snippet": "None",
      "title": "Stra\u00dfenschlacht \u2013 Wikipedia",
      "visible_link": "https://de.wikipedia.org/wiki/Stra\u00dfenschlacht"
    },
    {
      "domain": "strassenschlacht-cx.de",
      "id": "24893",
      "link": "https://strassenschlacht-cx.de/",
      "link_type": "results",
      "rank": "2",
      "serp_id": "2450",
      "snippet": "Mit einer spektakul\u00e4ren Cyclo Cross Challenge \u00fcber k\u00fcnstliche Hindernisse, durch die Stadthalle und durch ganz Limbach wollen wir Radverr\u00fcckte und ...",
      "title": "Startseite - Strassenschlacht",
      "visible_link": "https://strassenschlacht-cx.de"
    },
    {
      "domain": "www.welt.de",
      "id": "24894",
      "link": "https://www.welt.de/politik/article175707518/Hessen-Strassenschlacht-wegen-geplanter-Abschiebung-eines-Syrers.html",
      "link_type": "results",
      "rank": "3",
      "serp_id": "2450",
      "snippet": "Als ein Syrer mitten in der Nacht festgenommen wird, um seine Abschiebung in die Wege zu leiten, formiert sich in Hessen Protest. Demonstranten stellen ...",
      "title": "Hessen Stra\u00dfenschlacht wegen geplanter \u2026",
      "visible_link": "www.welt.de\u00a0\u203a Politik"
    },
    {
      "domain": "www.faz.net",
      "id": "24895",
      "link": "http://www.faz.net/aktuell/gesellschaft/kriminalitaet/duisburg-polizei-verhindert-strassenschlacht-mit-macheten-15516536.html",
      "link_type": "results",
      "rank": "4",
      "serp_id": "2450",
      "snippet": "Dutzende Kontrahenten trafen mit Macheten, Eisenstangen, Teleskopschlagst\u00f6cken und einem Staubsaugerrohr aufeinander: In Duisburg haben Polizisten eine ...",
      "title": "Duisburg: Polizei verhindert \u2026",
      "visible_link": "www.faz.net\u00a0\u203a Gesellschaft\u00a0\u203a Kriminalit\u00e4t"
    },
    {
      "domain": "volksbank-chemnitz.viele-schaffen-mehr.de",
      "id": "24896",
      "link": "https://volksbank-chemnitz.viele-schaffen-mehr.de/strassenschlacht",
      "link_type": "results",
      "rank": "5",
      "serp_id": "2450",
      "snippet": "An diesem besonderen Radevent in und f\u00fcr Limbach-Oberfrohna arbeiten wir bereits seit \u00fcber einem Jahr. stattfinden wird eine Firmenschlacht, eine ...",
      "title": "Radevent STRASSENSCHLACHT 30.09.18  \u2026",
      "visible_link": "https://volksbank-chemnitz.viele-schaffen-mehr.de/strassenschlacht"
    },
    {
      "domain": "www.welt.de",
      "id": "24897",
      "link": "https://www.welt.de/sport/article11573207/Schwere-Hooligan-Ausschreitungen-in-Moskau.html",
      "link_type": "results",
      "rank": "6",
      "serp_id": "2450",
      "snippet": "Nach dem Tod eines Fans eskalierte die Gewalt bei einer nicht genehmigten Demonstration in Moskau. Drei Personen wurden schwer verletzt.",
      "title": "Strassenschlacht: Schwere Hooligan \u2026",
      "visible_link": "www.welt.de\u00a0\u203a Sport"
    },
    {
      "domain": "www.sueddeutsche.de",
      "id": "24898",
      "link": "https://www.sueddeutsche.de/reise/dolomitenpass-das-grosse-roehren-am-sellajoch-1.3612261",
      "link_type": "results",
      "rank": "7",
      "serp_id": "2450",
      "snippet": "Dominik Prantl, Jahrgang 1977, stellte schon zu Schulzeiten fest, dass er im Journalismus besser aufgehoben ist als auf dem rechten Fl\u00fcgel des ...",
      "title": "Dolomiten-Pass - Stra\u00dfenschlacht ums \u2026",
      "visible_link": "https://www.sueddeutsche.de/reise/dolomitenpass-das-grosse-roehren..."
    }
  ],
  "scrape_method": "http-async",
  "search_engine_name": "bing",
  "status": "successful"
},{
  "effective_query": "",
  "id": "2451",
  "no_results": "True",
  "num_results": "10",
  "num_results_for_query": "2.250.000 results",
  "page_number": "1",
  "query": "seife",
  "requested_at": "2018-08-18 02:15:37.273188",
  "requested_by": "localhost",
  "results": [
    {
      "domain": "de.wikipedia.org",
      "id": "24899",
      "link": "https://de.wikipedia.org/wiki/Seife",
      "link_type": "results",
      "rank": "1",
      "serp_id": "2451",
      "snippet": "None",
      "title": "Seife \u2013 Wikipedia",
      "visible_link": "https://de.wikipedia.org/wiki/Seife"
    },
    {
      "domain": "www.chemie.de",
      "id": "24900",
      "link": "http://www.chemie.de/lexikon/Seife.html",
      "link_type": "results",
      "rank": "2",
      "serp_id": "2451",
      "snippet": "None",
      "title": "Seife - chemie.de",
      "visible_link": "www.chemie.de\u00a0\u203a Lexikon"
    },
    {
      "domain": "www.amazon.de",
      "id": "24901",
      "link": "https://www.amazon.de/Seife/b?node=64803031",
      "link_type": "results",
      "rank": "3",
      "serp_id": "2451",
      "snippet": "Online-Einkauf von Beauty aus gro\u00dfartigem Angebot von Blockseifen, Fl\u00fcssigseifen, Medizinische Seifen, Baby & Kinder und mehr zu dauerhaft niedrigen Preisen.",
      "title": "Seifen | Amazon.de Beauty",
      "visible_link": "https://www.amazon.de/Seife/b?node=64803031"
    },
    {
      "domain": "mannaseife.de",
      "id": "24902",
      "link": "https://mannaseife.de/produkte/seifen/seifen-2",
      "link_type": "results",
      "rank": "4",
      "serp_id": "2451",
      "snippet": "100% Natur Seifen. Handgefertigte Manna Seifen werden aus 100% nat\u00fcrlichen Inhaltsstoffen, nach geheimen Rezepten hergestellt. Finde auch Du Deine Sei",
      "title": "100% Natur Seifen - Manna. Nat\u00fcrlich. \u2026",
      "visible_link": "https://mannaseife.de/produkte/seifen/seifen-2"
    },
    {
      "domain": "www.planet-wissen.de",
      "id": "24903",
      "link": "https://www.planet-wissen.de/gesellschaft/sauberkeit/seife/index.html",
      "link_type": "results",
      "rank": "5",
      "serp_id": "2451",
      "snippet": "Seife benutzen Menschen schon seit Jahrtausenden. Noch heute geh\u00f6rt die Seife mit ihren unterschiedlichen Erscheinungsformen zu unserem t\u00e4glichen Leben.",
      "title": "Sauberkeit: Seife - Sauberkeit - \u2026",
      "visible_link": "www.planet-wissen.de\u00a0\u203a Gesellschaft\u00a0\u203a Sauberkeit"
    },
    {
      "domain": "de.loccitane.com",
      "id": "24904",
      "link": "https://de.loccitane.com/naturseife,77,2,26107,0.htm",
      "link_type": "results",
      "rank": "6",
      "serp_id": "2451",
      "snippet": "Seifen. Wundervolle Seifen! Unsere Seife verzaubert Ihren Alltag mit einzigartig zarten Blasen. Mit sanfter Zartheit erz\u00e4hlen sie Ihnen jeden Morgen die ...",
      "title": "Franz\u00f6sische duftende Seife | Naturseife | \u2026",
      "visible_link": "https://de.loccitane.com/naturseife,77,2,26107,0.htm"
    },
    {
      "domain": "www.seifen-versand.de",
      "id": "24905",
      "link": "https://www.seifen-versand.de/",
      "link_type": "results",
      "rank": "7",
      "serp_id": "2451",
      "snippet": "Seifen Versand mit einer grossen Auswahl an Seife, Seifen Produkten, Badekosmetik und K\u00f6rperpflege Artikel, welche Sie g\u00fcnstig im Onlineshop bestellen ...",
      "title": "Seifen Versand | Dein online Seifenshop",
      "visible_link": "https://www.seifen-versand.de"
    },
    {
      "domain": "www.thebodyshop.com",
      "id": "24906",
      "link": "https://www.thebodyshop.com/de-de/koerper/seifen/c/c00021",
      "link_type": "results",
      "rank": "8",
      "serp_id": "2451",
      "snippet": "Unter unseren luxuri\u00f6sen Naturseifen entdecken Sie ein reiches Produktspektrum und finden eine Seife, die Ihre Bed\u00fcrfnisse erf\u00fcllen wird.",
      "title": "Seifen | Naturseifen | The Body Shop\u00ae",
      "visible_link": "https://www.thebodyshop.com/de-de/koerper/seifen/c/c00021"
    },
    {
      "domain": "www.seilnacht.com",
      "id": "24907",
      "link": "http://www.seilnacht.com/waschm/seife.html",
      "link_type": "results",
      "rank": "9",
      "serp_id": "2451",
      "snippet": "Das Grundprinzip bei der Seifenherstellung besteht darin, dass Fette und \u00d6le mit Hilfe von Natronlauge zu Seife und Glycerin \"verseift\" werden.",
      "title": "seife | Seifenherstellung - SEILNACHT",
      "visible_link": "www.seilnacht.com/waschm/seife.html"
    },
    {
      "domain": "de.lush.com",
      "id": "24908",
      "link": "https://de.lush.com/seife",
      "link_type": "results",
      "rank": "10",
      "serp_id": "2451",
      "snippet": "Lush ist zwar mehr als Seife, aber unsere handgemachten Seifen f\u00fcr Hand und K\u00f6rper mit palm\u00f6lfreier Basis pflegen und verw\u00f6hnen, wo sie k\u00f6nnen.",
      "title": "Seife | LUSH Deutschland",
      "visible_link": "https://de.lush.com/seife"
    }
  ],
  "scrape_method": "http-async",
  "search_engine_name": "bing",
  "status": "successful"
}]